{"f1_score": 0.8074510049318883, "accuracy_score": 0.807670654468684, "balanced_accuracy_socre": 0.834996396799278, "precision_score": 0.8123267997772554, "recall_score": 0.807670654468684}