{"f1_score": 0.7933868765869514, "accuracy_score": 0.7929978888106967, "balanced_accuracy_socre": 0.8175301436746547, "precision_score": 0.8026131954388046, "recall_score": 0.7929978888106967}